key	name	category	path
famous-themed/lightning-mcqueen-ka-chow	Ka-Chow	famous-themed	/tesla-customizations/license-plates/famous-themed/ka-chow/
famous-themed/lightning-mcqueen	Lightning McQueen	famous-themed	/tesla-customizations/license-plates/famous-themed/lightning-mcqueen/
na/us_ny_standard-2001	New York (2001)	north-america/us/new-york	/tesla-customizations/license-plates/north-america/us/new-york/new-york-standard-2001/
na/us_ny_standard-2010	New York (2010)	north-america/us/new-york	/tesla-customizations/license-plates/north-america/us/new-york/new-york-standard-2010/
famous-themed/rusty-license-plate	Rusty Plate	famous-themed	/tesla-customizations/license-plates/famous-themed/rusty-plate/
famous-themed/scary-eyes	Scary Eyes	famous-themed	/tesla-customizations/license-plates/famous-themed/scary-eyes/
famous-themed/superman	Superman	famous-themed	/tesla-customizations/license-plates/famous-themed/superman/
famous-themed/tesla-fsd	Tesla FSD	famous-themed	/tesla-customizations/license-plates/famous-themed/tesla-fsd/
famous-themed/tesla-plaid	Tesla Plaid	famous-themed	/tesla-customizations/license-plates/famous-themed/tesla-plaid/
famous-themed/fresh-prince-of-bel-air	The Fresh Prince of Bel-Air	famous-themed	/tesla-customizations/license-plates/famous-themed/fresh-prince-of-bel-air/
famous-themed/us_ca_back-to-the-future	Back to the Future	famous-themed	/tesla-customizations/license-plates/famous-themed/back-to-the-future-outatime/
famous-themed/us_ca_back-to-the-future-part-ii	Back to the Future Part II	famous-themed	/tesla-customizations/license-plates/famous-themed/back-to-the-future-part-ii/
famous-themed/batman-logo	Batman	famous-themed	/tesla-customizations/license-plates/famous-themed/batman-logo/
famous-themed/gotham-city-batmobile	Batmobile	famous-themed	/tesla-customizations/license-plates/famous-themed/batmobile-bat-1/
famous-themed/us_ny_ghostbusters-ecto-1	Ghostbusters	famous-themed	/tesla-customizations/license-plates/famous-themed/ghostbusters-ecto-1/
famous-themed/us_ca_herbie	Herbie	famous-themed	/tesla-customizations/license-plates/famous-themed/herbie-ofp-857/
famous-themed/herbie-53	Herbie 53	famous-themed	/tesla-customizations/license-plates/famous-themed/herbie-53/
famous-themed/us_ca-iron-man	Iron Man	famous-themed	/tesla-customizations/license-plates/famous-themed/iron-man-stark-4/
famous-themed/us_ca_knight-rider	Knight Rider	famous-themed	/tesla-customizations/license-plates/famous-themed/knight-rider-knight/
famous-themed/scooby-doo-zoinks	Scooby-Doo	famous-themed	/tesla-customizations/license-plates/famous-themed/scooby-doo-zoinks/
famous-themed/flintstones-yaba-doo	The Flintstones	famous-themed	/tesla-customizations/license-plates/famous-themed/flintstones-bedrock/
famous-themed/toystory-a113	Toy Story	famous-themed	/tesla-customizations/license-plates/famous-themed/toy-story-a113/
na/us_dc_standard	District of Columbia	north-america/us/district-of-columbia	/tesla-customizations/license-plates/north-america/us/district-of-columbia/district-of-columbia-standard/
na/us_il_standard_electric-vehicle	Illinois Electric Vehicle	north-america/us/illinois	/tesla-customizations/license-plates/north-america/us/illinois/illinois-electric-vehicle/
na/ca_ab_standard	Alberta	north-america/ca/alberta	/tesla-customizations/license-plates/north-america/ca/alberta/alberta-standard/
na/ca_ab_standard_2026_moraine_lake	Alberta Moraine Lake	north-america/ca/alberta	/tesla-customizations/license-plates/north-america/ca/alberta/alberta-moraine-lake/
na/ca_bc_standard	British Columbia	north-america/ca/british-columbia	/tesla-customizations/license-plates/north-america/ca/british-columbia/british-columbia-standard/
na/ca_mb_standard	Manitoba	north-america/ca/manitoba	/tesla-customizations/license-plates/north-america/ca/manitoba/manitoba-standard/
na/ca_nb_standard	New Brunswick	north-america/ca/new-brunswick	/tesla-customizations/license-plates/north-america/ca/new-brunswick/new-brunswick-standard/
na/ca_nl_standard	Newfoundland and Labrador	north-america/ca/newfoundland-labrador	/tesla-customizations/license-plates/north-america/ca/newfoundland-labrador/newfoundland-labrador-standard/
na/ca_nt_standard	Northwest Territories	north-america/ca/northwest-territories	/tesla-customizations/license-plates/north-america/ca/northwest-territories/northwest-territories-standard/
na/ca_ns_standard	Nova Scotia	north-america/ca/nova-scotia	/tesla-customizations/license-plates/north-america/ca/nova-scotia/nova-scotia-standard/
na/ca_nu_standard	Nunavut	north-america/ca/nunavut	/tesla-customizations/license-plates/north-america/ca/nunavut/nunavut-standard/
na/ca_on_standard	Ontario	north-america/ca/ontario	/tesla-customizations/license-plates/north-america/ca/ontario/ontario-standard/
na/ca_pe_standard	Prince Edward Island	north-america/ca/prince-edward-island	/tesla-customizations/license-plates/north-america/ca/prince-edward-island/prince-edward-island-standard/
na/us_pr_standard	Puerto Rico	north-america/us/puerto-rico	/tesla-customizations/license-plates/north-america/us/puerto-rico/puerto-rico-standard/
na/ca_qc_standard	Québec	north-america/ca/quebec	/tesla-customizations/license-plates/north-america/ca/quebec/quebec-standard/
na/ca_qc_standard_electric-vehicle	Québec Electric Vehicle	north-america/ca/quebec	/tesla-customizations/license-plates/north-america/ca/quebec/quebec-electric-vehicle/
na/ca_sk_standard	Saskatchewan	north-america/ca/saskatchewan	/tesla-customizations/license-plates/north-america/ca/saskatchewan/saskatchewan-standard/
na/ca_yt_standard	Yukon	north-america/ca/yukon	/tesla-customizations/license-plates/north-america/ca/yukon/yukon-standard/
na/us_az_clean-air-blue-skies	Arizona Clean Air	north-america/us/arizona	/tesla-customizations/license-plates/north-america/us/arizona/arizona-clean-air-blue-skies/
na/us_pa_standard-2006	Pennsylvania 2006	north-america/us/pennsylvania	/tesla-customizations/license-plates/north-america/us/pennsylvania/pennsylvania-2006/
na/us_ca_black-white	California Black & White	north-america/us/california	/tesla-customizations/license-plates/north-america/us/california/california-black-white/
na/us_ca_black-yellow	California Black & Yellow	north-america/us/california	/tesla-customizations/license-plates/north-america/us/california/california-black-yellow/
na/us_al_standard	Alabama	north-america/us/alabama	/tesla-customizations/license-plates/north-america/us/alabama/alabama-standard/
na/us_ak_standard	Alaska	north-america/us/alaska	/tesla-customizations/license-plates/north-america/us/alaska/alaska-standard/
na/us_az_standard	Arizona	north-america/us/arizona	/tesla-customizations/license-plates/north-america/us/arizona/arizona-standard/
na/us_ar_standard	Arkansas	north-america/us/arkansas	/tesla-customizations/license-plates/north-america/us/arkansas/arkansas-standard/
na/us_ca_standard	California	north-america/us/california	/tesla-customizations/license-plates/north-america/us/california/california-standard/
na/us_co_standard	Colorado	north-america/us/colorado	/tesla-customizations/license-plates/north-america/us/colorado/colorado-standard/
na/us_ct_standard	Connecticut	north-america/us/connecticut	/tesla-customizations/license-plates/north-america/us/connecticut/connecticut-standard/
na/us_de_standard	Delaware	north-america/us/delaware	/tesla-customizations/license-plates/north-america/us/delaware/delaware-standard/
na/us_fl_standard	Florida	north-america/us/florida	/tesla-customizations/license-plates/north-america/us/florida/florida-standard/
na/us_ga_standard	Georgia	north-america/us/georgia	/tesla-customizations/license-plates/north-america/us/georgia/georgia-standard/
na/us_hi_standard	Hawaii	north-america/us/hawaii	/tesla-customizations/license-plates/north-america/us/hawaii/hawaii-standard/
na/us_id_standard	Idaho	north-america/us/idaho	/tesla-customizations/license-plates/north-america/us/idaho/idaho-standard/
na/us_il_standard	Illinois	north-america/us/illinois	/tesla-customizations/license-plates/north-america/us/illinois/illinois-standard/
na/us_in_standard	Indiana	north-america/us/indiana	/tesla-customizations/license-plates/north-america/us/indiana/indiana-standard/
na/us_ia_standard	Iowa	north-america/us/iowa	/tesla-customizations/license-plates/north-america/us/iowa/iowa-standard/
na/us_ks_standard	Kansas	north-america/us/kansas	/tesla-customizations/license-plates/north-america/us/kansas/kansas-standard/
na/us_ky_standard	Kentucky	north-america/us/kentucky	/tesla-customizations/license-plates/north-america/us/kentucky/kentucky-standard/
na/us_la_standard	Louisiana	north-america/us/louisiana	/tesla-customizations/license-plates/north-america/us/louisiana/louisiana-standard/
na/us_me_standard	Maine	north-america/us/maine	/tesla-customizations/license-plates/north-america/us/maine/maine-standard/
na/us_md_standard	Maryland	north-america/us/maryland	/tesla-customizations/license-plates/north-america/us/maryland/maryland-standard/
na/us_ma_standard	Massachusetts	north-america/us/massachusetts	/tesla-customizations/license-plates/north-america/us/massachusetts/massachusetts-standard/
na/us_mi_standard	Michigan	north-america/us/michigan	/tesla-customizations/license-plates/north-america/us/michigan/michigan-standard/
na/us_mn_standard	Minnesota	north-america/us/minnesota	/tesla-customizations/license-plates/north-america/us/minnesota/minnesota-standard/
na/us_ms_standard	Mississippi	north-america/us/mississippi	/tesla-customizations/license-plates/north-america/us/mississippi/mississippi-standard/
na/us_mo_standard	Missouri	north-america/us/missouri	/tesla-customizations/license-plates/north-america/us/missouri/missouri-standard/
na/us_mt_standard	Montana	north-america/us/montana	/tesla-customizations/license-plates/north-america/us/montana/montana-standard/
na/us_ne_standard	Nebraska	north-america/us/nebraska	/tesla-customizations/license-plates/north-america/us/nebraska/nebraska-standard/
na/us_nv_standard	Nevada	north-america/us/nevada	/tesla-customizations/license-plates/north-america/us/nevada/nevada-standard/
na/us_nh_standard	New Hampshire	north-america/us/new-hampshire	/tesla-customizations/license-plates/north-america/us/new-hampshire/new-hampshire-standard/
na/us_nj_standard	New Jersey	north-america/us/new-jersey	/tesla-customizations/license-plates/north-america/us/new-jersey/new-jersey-standard/
na/us_nm_standard	New Mexico	north-america/us/new-mexico	/tesla-customizations/license-plates/north-america/us/new-mexico/new-mexico-standard/
na/us_ny_standard	New York	north-america/us/new-york	/tesla-customizations/license-plates/north-america/us/new-york/new-york-standard/
na/us_nc_standard	North Carolina	north-america/us/north-carolina	/tesla-customizations/license-plates/north-america/us/north-carolina/north-carolina-standard/
na/us_nd_standard	North Dakota	north-america/us/north-dakota	/tesla-customizations/license-plates/north-america/us/north-dakota/north-dakota-standard/
na/us_oh_standard	Ohio	north-america/us/ohio	/tesla-customizations/license-plates/north-america/us/ohio/ohio-standard/
na/us_ok_standard	Oklahoma	north-america/us/oklahoma	/tesla-customizations/license-plates/north-america/us/oklahoma/oklahoma-standard/
na/us_or_standard	Oregon	north-america/us/oregon	/tesla-customizations/license-plates/north-america/us/oregon/oregon-standard/
na/us_pa_standard	Pennsylvania	north-america/us/pennsylvania	/tesla-customizations/license-plates/north-america/us/pennsylvania/pennsylvania-standard/
na/us_ri_standard	Rhode Island	north-america/us/rhode-island	/tesla-customizations/license-plates/north-america/us/rhode-island/rhode-island-standard/
na/us_sc_standard	South Carolina	north-america/us/south-carolina	/tesla-customizations/license-plates/north-america/us/south-carolina/south-carolina-standard/
na/us_sd_standard	South Dakota	north-america/us/south-dakota	/tesla-customizations/license-plates/north-america/us/south-dakota/south-dakota-standard/
na/us_tn_standard	Tennessee	north-america/us/tennessee	/tesla-customizations/license-plates/north-america/us/tennessee/tennessee-standard/
na/us_tx_standard	Texas	north-america/us/texas	/tesla-customizations/license-plates/north-america/us/texas/texas-standard/
na/us_ut_standard	Utah	north-america/us/utah	/tesla-customizations/license-plates/north-america/us/utah/utah-standard/
na/us_vt_standard	Vermont	north-america/us/vermont	/tesla-customizations/license-plates/north-america/us/vermont/vermont-standard/
na/us_va_standard	Virginia	north-america/us/virginia	/tesla-customizations/license-plates/north-america/us/virginia/virginia-standard/
na/us_wa_standard	Washington	north-america/us/washington	/tesla-customizations/license-plates/north-america/us/washington/washington-standard/
na/us_wv_standard	West Virginia	north-america/us/west-virginia	/tesla-customizations/license-plates/north-america/us/west-virginia/west-virginia-standard/
na/us_wi_standard	Wisconsin	north-america/us/wisconsin	/tesla-customizations/license-plates/north-america/us/wisconsin/wisconsin-standard/
na/us_wy_standard	Wyoming	north-america/us/wyoming	/tesla-customizations/license-plates/north-america/us/wyoming/wyoming-standard/
